{
  "project_info": {
    "project_number": "797403694557",
    "project_id": "gezi-uygulamasi-32730",
    "storage_bucket": "gezi-uygulamasi-32730.appspot.com"
  },
  "client": [
    {
      "client_info": {
        "mobilesdk_app_id": "1:797403694557:android:fd92509122ec16d2a96234",
        "android_client_info": {
          "package_name": "com.geziuygulamasi.app"
        }
      },
      "oauth_client": [
        {
          "client_id": "797403694557-ggpdehdmeeg0fbor9380g3pdb4542tpi.apps.googleusercontent.com",
          "client_type": 3
        }
      ],
      "api_key": [
        {
          "current_key": "AIzaSyA7EGjHMmBf3osG852d3GQjkUBc7qPnt6A"
        }
      ],
      "services": {
        "appinvite_service": {
          "other_platform_oauth_client": [
            {
              "client_id": "797403694557-ggpdehdmeeg0fbor9380g3pdb4542tpi.apps.googleusercontent.com",
              "client_type": 3
            }
          ]
        }
      }
    }
  ],
  "configuration_version": "1"
}